{
	"credit": "Made with Blockbench",
	"texture_size": [32, 32],
	"textures": {
		"Paper": "savepaper",
		"Body": "block/savebody"
	},
	"elements": [
		{
			"from": [2, 3, 8],
			"to": [14, 14, 16],
			"rotation": {"angle": 0, "axis": "y", "origin": [8, -1, 8]},
			"faces": {
				"north": {"uv": [0, 0, 6, 5.5], "texture": "#Body"},
				"east": {"uv": [6, 8, 10, 13.5], "texture": "#Body"},
				"south": {"uv": [0, 5.5, 6, 11], "texture": "#Body"},
				"west": {"uv": [10, 8, 14, 13.5], "texture": "#Body"},
				"up": {"uv": [12, 4, 6, 0], "texture": "#Body"},
				"down": {"uv": [12, 4, 6, 8], "texture": "#Body"}
			}
		},
		{
			"from": [9, 12, 7],
			"to": [12, 13, 8],
			"rotation": {"angle": 0, "axis": "y", "origin": [8, -1, 8]},
			"faces": {
				"north": {"uv": [12, 5, 13.5, 5.5], "texture": "#Body"},
				"east": {"uv": [11, 13.5, 11.5, 14], "texture": "#Body"},
				"south": {"uv": [12, 5.5, 13.5, 6], "texture": "#Body"},
				"west": {"uv": [11.5, 13.5, 12, 14], "texture": "#Body"},
				"up": {"uv": [13.5, 6.5, 12, 6], "texture": "#Body"},
				"down": {"uv": [13.5, 6.5, 12, 7], "texture": "#Body"}
			}
		},
		{
			"from": [9, 6, 7],
			"to": [12, 7, 8],
			"rotation": {"angle": 0, "axis": "y", "origin": [8, -1, 8]},
			"faces": {
				"north": {"uv": [12, 7, 13.5, 7.5], "texture": "#Body"},
				"east": {"uv": [8.5, 14, 9, 14.5], "texture": "#Body"},
				"south": {"uv": [12, 7.5, 13.5, 8], "texture": "#Body"},
				"west": {"uv": [14, 8.5, 14.5, 9], "texture": "#Body"},
				"up": {"uv": [9.5, 14, 8, 13.5], "texture": "#Body"},
				"down": {"uv": [11, 13.5, 9.5, 14], "texture": "#Body"}
			}
		},
		{
			"from": [7, 8, 7],
			"to": [8, 11, 8],
			"rotation": {"angle": 0, "axis": "y", "origin": [8, -1, 8]},
			"faces": {
				"north": {"uv": [0, 13.5, 0.5, 15], "texture": "#Body"},
				"east": {"uv": [0.5, 13.5, 1, 15], "texture": "#Body"},
				"south": {"uv": [1, 13.5, 1.5, 15], "texture": "#Body"},
				"west": {"uv": [1.5, 13.5, 2, 15], "texture": "#Body"},
				"up": {"uv": [12.5, 14, 12, 13.5], "texture": "#Body"},
				"down": {"uv": [13, 13.5, 12.5, 14], "texture": "#Body"}
			}
		},
		{
			"from": [13, 8, 7],
			"to": [14, 11, 8],
			"rotation": {"angle": 0, "axis": "y", "origin": [8, -1, 8]},
			"faces": {
				"north": {"uv": [2, 13.5, 2.5, 15], "texture": "#Body"},
				"east": {"uv": [2.5, 13.5, 3, 15], "texture": "#Body"},
				"south": {"uv": [3, 13.5, 3.5, 15], "texture": "#Body"},
				"west": {"uv": [3.5, 13.5, 4, 15], "texture": "#Body"},
				"up": {"uv": [13.5, 14, 13, 13.5], "texture": "#Body"},
				"down": {"uv": [14, 13.5, 13.5, 14], "texture": "#Body"}
			}
		},
		{
			"from": [8, 7, 7],
			"to": [13, 12, 8],
			"rotation": {"angle": 0, "axis": "y", "origin": [8, -1, 8]},
			"faces": {
				"north": {"uv": [0, 11, 2.5, 13.5], "texture": "#Body"},
				"east": {"uv": [5, 11, 5.5, 13.5], "texture": "#Body"},
				"south": {"uv": [2.5, 11, 5, 13.5], "texture": "#Body"},
				"west": {"uv": [5.5, 11, 6, 13.5], "texture": "#Body"},
				"up": {"uv": [14.5, 3.5, 12, 3], "texture": "#Body"},
				"down": {"uv": [14.5, 3.5, 12, 4], "texture": "#Body"}
			}
		},
		{
			"from": [11, 8, 6],
			"to": [12, 11, 7],
			"rotation": {"angle": 0, "axis": "y", "origin": [8, -1, 8]},
			"faces": {
				"north": {"uv": [4, 13.5, 4.5, 15], "texture": "#Body"},
				"east": {"uv": [4.5, 13.5, 5, 15], "texture": "#Body"},
				"south": {"uv": [5, 13.5, 5.5, 15], "texture": "#Body"},
				"west": {"uv": [13.5, 5, 14, 6.5], "texture": "#Body"},
				"up": {"uv": [14.5, 0.5, 14, 0], "texture": "#Body"},
				"down": {"uv": [14.5, 0.5, 14, 1], "texture": "#Body"}
			}
		},
		{
			"from": [9, 8, 6],
			"to": [10, 11, 7],
			"rotation": {"angle": 0, "axis": "y", "origin": [8, -1, 8]},
			"faces": {
				"north": {"uv": [5.5, 13.5, 6, 15], "texture": "#Body"},
				"east": {"uv": [6, 13.5, 6.5, 15], "texture": "#Body"},
				"south": {"uv": [6.5, 13.5, 7, 15], "texture": "#Body"},
				"west": {"uv": [13.5, 6.5, 14, 8], "texture": "#Body"},
				"up": {"uv": [14.5, 1.5, 14, 1], "texture": "#Body"},
				"down": {"uv": [14.5, 1.5, 14, 2], "texture": "#Body"}
			}
		},
		{
			"from": [10, 10, 6],
			"to": [11, 11, 7],
			"rotation": {"angle": 0, "axis": "y", "origin": [8, -1, 8]},
			"faces": {
				"north": {"uv": [14, 2, 14.5, 2.5], "texture": "#Body"},
				"east": {"uv": [14, 2.5, 14.5, 3], "texture": "#Body"},
				"south": {"uv": [14, 4, 14.5, 4.5], "texture": "#Body"},
				"west": {"uv": [14, 4.5, 14.5, 5], "texture": "#Body"},
				"up": {"uv": [14.5, 5.5, 14, 5], "texture": "#Body"},
				"down": {"uv": [14.5, 5.5, 14, 6], "texture": "#Body"}
			}
		},
		{
			"from": [10, 8, 6],
			"to": [11, 9, 7],
			"rotation": {"angle": 0, "axis": "y", "origin": [8, -1, 8]},
			"faces": {
				"north": {"uv": [14, 6, 14.5, 6.5], "texture": "#Body"},
				"east": {"uv": [14, 6.5, 14.5, 7], "texture": "#Body"},
				"south": {"uv": [14, 7, 14.5, 7.5], "texture": "#Body"},
				"west": {"uv": [14, 7.5, 14.5, 8], "texture": "#Body"},
				"up": {"uv": [8.5, 14.5, 8, 14], "texture": "#Body"},
				"down": {"uv": [14.5, 8, 14, 8.5], "texture": "#Body"}
			}
		},
		{
			"from": [2, 9, 7],
			"to": [6, 12, 8],
			"rotation": {"angle": 0, "axis": "y", "origin": [8, 0, 3]},
			"faces": {
				"north": {"uv": [12, 0, 14, 1.5], "texture": "#Body"},
				"east": {"uv": [7, 13.5, 7.5, 15], "texture": "#Body"},
				"south": {"uv": [12, 1.5, 14, 3], "texture": "#Body"},
				"west": {"uv": [7.5, 13.5, 8, 15], "texture": "#Body"},
				"up": {"uv": [14, 4.5, 12, 4], "texture": "#Body"},
				"down": {"uv": [14, 4.5, 12, 5], "texture": "#Body"}
			}
		},
		{
			"from": [2.5, 5, 7],
			"to": [5.5, 11, 7],
			"rotation": {"angle": 22.5, "axis": "x", "origin": [4, 11, 7]},
			"faces": {
				"north": {"uv": [0, 0, 6, 12], "texture": "#Paper"},
				"east": {"uv": [0, 0, 0, 6], "texture": "#Paper"},
				"south": {"uv": [6, 0, 9, 6], "texture": "#Paper"},
				"west": {"uv": [0, 0, 0, 6], "texture": "#Paper"},
				"up": {"uv": [0, 3, 0, 0], "texture": "#Paper"},
				"down": {"uv": [0, 0, 0, 3], "texture": "#Paper"}
			}
		}
	],
	"groups": [
		{
			"name": "Structure",
			"origin": [9, 18, 5],
			"color": 0,
			"children": [
				0,
				{
					"name": "eye scanner",
					"origin": [0, -10, -1],
					"color": 0,
					"children": [1, 2, 3, 4, 5, 6, 7, 8, 9]
				},
				{
					"name": "paper",
					"origin": [9, 8, 4],
					"color": 0,
					"children": [10, 11]
				}
			]
		}
	]
}