{
	"credit": "Made with Blockbench",
	"texture_size": [64, 64],
	"textures": {
		"0": "vent",
		"particle": "vent"
	},
	"elements": [
		{
			"from": [4, 11, -1],
			"to": [12, 12, 0],
			"rotation": {"angle": 0, "axis": "y", "origin": [8, 15, 0]},
			"faces": {
				"north": {"uv": [11.5, 11, 13.5, 11.25], "texture": "#0"},
				"east": {"uv": [12, 1.75, 12.25, 2], "texture": "#0"},
				"south": {"uv": [11.5, 11.25, 13.5, 11.5], "texture": "#0"},
				"west": {"uv": [12, 2, 12.25, 2.25], "texture": "#0"},
				"up": {"uv": [13.5, 11.75, 11.5, 11.5], "texture": "#0"},
				"down": {"uv": [4.5, 11.75, 2.5, 12], "texture": "#0"}
			}
		},
		{
			"from": [2, 2, -1],
			"to": [14, 3, 0],
			"rotation": {"angle": 0, "axis": "y", "origin": [8, 15, 0]},
			"faces": {
				"north": {"uv": [11.5, 9, 14.5, 9.25], "texture": "#0"},
				"east": {"uv": [12, 2.25, 12.25, 2.5], "texture": "#0"},
				"south": {"uv": [11.5, 9.25, 14.5, 9.5], "texture": "#0"},
				"west": {"uv": [2.5, 12, 2.75, 12.25], "texture": "#0"},
				"up": {"uv": [14.5, 9.75, 11.5, 9.5], "texture": "#0"},
				"down": {"uv": [14.5, 9.75, 11.5, 10], "texture": "#0"}
			}
		},
		{
			"from": [2, 14, -1],
			"to": [14, 15, 0],
			"rotation": {"angle": 0, "axis": "y", "origin": [8, 15, 0]},
			"faces": {
				"north": {"uv": [11.5, 10, 14.5, 10.25], "texture": "#0"},
				"east": {"uv": [12, 2.5, 12.25, 2.75], "texture": "#0"},
				"south": {"uv": [11.5, 10.25, 14.5, 10.5], "texture": "#0"},
				"west": {"uv": [2.75, 12, 3, 12.25], "texture": "#0"},
				"up": {"uv": [14.5, 10.75, 11.5, 10.5], "texture": "#0"},
				"down": {"uv": [14.5, 10.75, 11.5, 11], "texture": "#0"}
			}
		},
		{
			"from": [12, 3, -1],
			"to": [14, 14, 0],
			"rotation": {"angle": 0, "axis": "y", "origin": [8, 15, 0]},
			"faces": {
				"north": {"uv": [0.5, 11.25, 1, 14], "texture": "#0"},
				"east": {"uv": [6.5, 11.25, 6.75, 14], "texture": "#0"},
				"south": {"uv": [1, 11.25, 1.5, 14], "texture": "#0"},
				"west": {"uv": [6.75, 11.25, 7, 14], "texture": "#0"},
				"up": {"uv": [8, 11.5, 7.5, 11.25], "texture": "#0"},
				"down": {"uv": [8, 11.5, 7.5, 11.75], "texture": "#0"}
			}
		},
		{
			"from": [2, 3, -1],
			"to": [4, 14, 0],
			"rotation": {"angle": 0, "axis": "y", "origin": [8, 15, 0]},
			"faces": {
				"north": {"uv": [1.5, 11.25, 2, 14], "texture": "#0"},
				"east": {"uv": [7, 11.25, 7.25, 14], "texture": "#0"},
				"south": {"uv": [2, 11.25, 2.5, 14], "texture": "#0"},
				"west": {"uv": [7.25, 11.25, 7.5, 14], "texture": "#0"},
				"up": {"uv": [8, 12, 7.5, 11.75], "texture": "#0"},
				"down": {"uv": [12.5, 1.5, 12, 1.75], "texture": "#0"}
			}
		},
		{
			"from": [4, 8, -1],
			"to": [12, 9, 0],
			"rotation": {"angle": 0, "axis": "y", "origin": [8, 15, 0]},
			"faces": {
				"north": {"uv": [4.5, 11.75, 6.5, 12], "texture": "#0"},
				"east": {"uv": [12, 2.75, 12.25, 3], "texture": "#0"},
				"south": {"uv": [10, 11.75, 12, 12], "texture": "#0"},
				"west": {"uv": [3, 12, 3.25, 12.25], "texture": "#0"},
				"up": {"uv": [14, 0.25, 12, 0], "texture": "#0"},
				"down": {"uv": [14, 0.25, 12, 0.5], "texture": "#0"}
			}
		},
		{
			"from": [4, 5, -1],
			"to": [12, 6, 0],
			"rotation": {"angle": 0, "axis": "y", "origin": [8, 15, 0]},
			"faces": {
				"north": {"uv": [12, 0.5, 14, 0.75], "texture": "#0"},
				"east": {"uv": [12, 3, 12.25, 3.25], "texture": "#0"},
				"south": {"uv": [12, 0.75, 14, 1], "texture": "#0"},
				"west": {"uv": [3.25, 12, 3.5, 12.25], "texture": "#0"},
				"up": {"uv": [14, 1.25, 12, 1], "texture": "#0"},
				"down": {"uv": [14, 1.25, 12, 1.5], "texture": "#0"}
			}
		},
		{
			"from": [0, 0, 0],
			"to": [16, 2, 16],
			"faces": {
				"north": {"uv": [8, 6.5, 12, 7], "texture": "#0"},
				"east": {"uv": [8, 7, 12, 7.5], "texture": "#0"},
				"south": {"uv": [8, 7.5, 12, 8], "texture": "#0"},
				"west": {"uv": [8, 8, 12, 8.5], "texture": "#0"},
				"up": {"uv": [4, 4, 0, 0], "texture": "#0"},
				"down": {"uv": [4, 4, 0, 8], "texture": "#0"}
			}
		},
		{
			"from": [0, 2, 0],
			"to": [2, 15, 16],
			"faces": {
				"north": {"uv": [10, 8.5, 10.5, 11.75], "texture": "#0"},
				"east": {"uv": [0, 8, 4, 11.25], "texture": "#0"},
				"south": {"uv": [10.5, 8.5, 11, 11.75], "texture": "#0"},
				"west": {"uv": [8, 0, 12, 3.25], "texture": "#0"},
				"up": {"uv": [8.5, 12.5, 8, 8.5], "texture": "#0"},
				"down": {"uv": [9, 8.5, 8.5, 12.5], "texture": "#0"}
			}
		},
		{
			"from": [14, 2, 0],
			"to": [16, 15, 16],
			"faces": {
				"north": {"uv": [11, 8.5, 11.5, 11.75], "texture": "#0"},
				"east": {"uv": [8, 3.25, 12, 6.5], "texture": "#0"},
				"south": {"uv": [0, 11.25, 0.5, 14.5], "texture": "#0"},
				"west": {"uv": [4, 8, 8, 11.25], "texture": "#0"},
				"up": {"uv": [9.5, 12.5, 9, 8.5], "texture": "#0"},
				"down": {"uv": [10, 8.5, 9.5, 12.5], "texture": "#0"}
			}
		},
		{
			"from": [0, 15, 0],
			"to": [16, 16, 16],
			"faces": {
				"north": {"uv": [2.5, 11.25, 6.5, 11.5], "texture": "#0"},
				"east": {"uv": [2.5, 11.5, 6.5, 11.75], "texture": "#0"},
				"south": {"uv": [11.5, 8.5, 15.5, 8.75], "texture": "#0"},
				"west": {"uv": [11.5, 8.75, 15.5, 9], "texture": "#0"},
				"up": {"uv": [8, 4, 4, 0], "texture": "#0"},
				"down": {"uv": [8, 4, 4, 8], "texture": "#0"}
			}
		}
	],
	"groups": [
		{
			"name": "vent",
			"origin": [0, 0, 0],
			"color": 0,
			"children": [0, 1, 2, 3, 4, 5, 6]
		},
		7,
		8,
		9,
		10
	]
}