{
  "_fv": 28,
  "_type": "block",
  "definition": {
    "texture": "savestationbody",
    "textureTop": "",
    "textureLeft": "",
    "textureFront": "",
    "textureRight": "",
    "textureBack": "",
    "renderType": 2,
    "customModelName": "save_station:default",
    "rotationMode": 3,
    "emissiveRendering": true,
    "displayFluidOverlay": false,
    "itemTexture": "save_station_item",
    "particleTexture": "",
    "tintType": "No tint",
    "isItemTinted": false,
    "hasTransparency": true,
    "connectedSides": false,
    "transparencyType": "CUTOUT",
    "disableOffset": false,
    "boundingBoxes": [
      {
        "mx": 2.0,
        "my": 3.0,
        "mz": 8.0,
        "Mx": 13.0,
        "My": 13.0,
        "Mz": 15.0,
        "subtract": false
      },
      {
        "mx": 2.0,
        "my": 9.0,
        "mz": 7.0,
        "Mx": 6.0,
        "My": 12.0,
        "Mz": 8.0,
        "subtract": false
      },
      {
        "mx": 9.0,
        "my": 8.0,
        "mz": 6.0,
        "Mx": 12.0,
        "My": 11.0,
        "Mz": 7.0,
        "subtract": false
      },
      {
        "mx": 10.0,
        "my": 9.0,
        "mz": 6.0,
        "Mx": 11.0,
        "My": 10.0,
        "Mz": 7.0,
        "subtract": true
      },
      {
        "mx": 8.0,
        "my": 7.0,
        "mz": 7.0,
        "Mx": 13.0,
        "My": 12.0,
        "Mz": 8.0,
        "subtract": false
      },
      {
        "mx": 7.0,
        "my": 8.0,
        "mz": 7.0,
        "Mx": 14.0,
        "My": 11.0,
        "Mz": 8.0,
        "subtract": false
      },
      {
        "mx": 9.0,
        "my": 6.0,
        "mz": 7.0,
        "Mx": 12.0,
        "My": 13.0,
        "Mz": 8.0,
        "subtract": false
      }
    ],
    "name": "Save Station",
    "specialInfo": [],
    "hardness": 1.0,
    "resistance": 10.0,
    "hasGravity": false,
    "isWaterloggable": true,
    "creativeTab": {
      "value": "CUSTOM:Changed"
    },
    "destroyTool": "pickaxe",
    "customDrop": {
      "value": ""
    },
    "dropAmount": 1,
    "useLootTableForDrops": false,
    "enchantPowerBonus": 0.0,
    "plantsGrowOn": false,
    "canRedstoneConnect": true,
    "lightOpacity": 0,
    "material": {
      "value": "ANVIL"
    },
    "tickRate": 10,
    "tickRandomly": false,
    "isReplaceable": false,
    "canProvidePower": false,
    "emittedRedstonePower": {
      "fixedValue": 15.0
    },
    "colorOnMap": "DEFAULT",
    "creativePickItem": {
      "value": ""
    },
    "offsetType": "NONE",
    "aiPathNodeType": "OPEN",
    "flammability": 0,
    "fireSpreadSpeed": 0,
    "isLadder": false,
    "slipperiness": 0.6,
    "speedFactor": 1.0,
    "jumpFactor": 1.0,
    "reactionToPushing": "NORMAL",
    "isNotColidable": false,
    "isCustomSoundType": false,
    "soundOnStep": {
      "value": "METAL"
    },
    "breakSound": {
      "value": ""
    },
    "fallSound": {
      "value": ""
    },
    "hitSound": {
      "value": ""
    },
    "placeSound": {
      "value": ""
    },
    "stepSound": {
      "value": ""
    },
    "luminance": 4,
    "unbreakable": false,
    "breakHarvestLevel": 2,
    "spawnParticles": false,
    "particleToSpawn": {
      "value": "EXPLOSION_NORMAL"
    },
    "particleSpawningShape": "Spread",
    "particleSpawningRadious": 0.5,
    "particleAmount": 4,
    "hasInventory": false,
    "guiBoundTo": "SaveStationUI",
    "openGUIOnRightClick": true,
    "inventorySize": 0,
    "inventoryStackSize": 64,
    "inventoryDropWhenDestroyed": true,
    "inventoryComparatorPower": true,
    "inventoryOutSlotIDs": [],
    "inventoryInSlotIDs": [],
    "hasEnergyStorage": false,
    "energyInitial": 0,
    "energyCapacity": 400000,
    "energyMaxReceive": 200,
    "energyMaxExtract": 200,
    "isFluidTank": false,
    "fluidCapacity": 8000,
    "fluidRestrictions": [],
    "spawnWorldTypes": [],
    "restrictionBiomes": [],
    "blocksToReplace": [
      {
        "value": "Blocks.STONE"
      }
    ],
    "generationShape": "UNIFORM",
    "frequencyPerChunks": 10,
    "frequencyOnChunk": 16,
    "minGenerateHeight": 0,
    "maxGenerateHeight": 64
  }
}