{
  "credit": "Made with Blockbench",
  "texture_size": [
    32,
    32
  ],
  "elements": [
    {
      "from": [
        0,
        16,
        0
      ],
      "to": [
        2,
        17,
        16
      ],
      "faces": {
        "north": {
          "uv": [
            10,
            6,
            11,
            6.5
          ],
          "texture": "#0"
        },
        "east": {
          "uv": [
            4,
            4,
            12,
            4.5
          ],
          "texture": "#0"
        },
        "south": {
          "uv": [
            10,
            6.5,
            11,
            7
          ],
          "texture": "#0"
        },
        "west": {
          "uv": [
            4,
            4.5,
            12,
            5
          ],
          "texture": "#0"
        },
        "up": {
          "uv": [
            1,
            8,
            0,
            0
          ],
          "texture": "#0"
        },
        "down": {
          "uv": [
            2,
            0,
            1,
            8
          ],
          "texture": "#0"
        }
      }
    },
    {
      "from": [
        2,
        16,
        0
      ],
      "to": [
        14,
        17,
        2
      ],
      "faces": {
        "north": {
          "uv": [
            4,
            6,
            10,
            6.5
          ],
          "texture": "#0"
        },
        "east": {
          "uv": [
            10,
            3.5,
            11,
            4
          ],
          "texture": "#0"
        },
        "south": {
          "uv": [
            4,
            6.5,
            10,
            7
          ],
          "texture": "#0"
        },
        "west": {
          "uv": [
            6,
            10,
            7,
            10.5
          ],
          "texture": "#0"
        },
        "up": {
          "uv": [
            10,
            1,
            4,
            0
          ],
          "texture": "#0"
        },
        "down": {
          "uv": [
            10,
            1,
            4,
            2
          ],
          "texture": "#0"
        }
      }
    },
    {
      "from": [
        2,
        16,
        3
      ],
      "to": [
        14,
        17,
        4
      ],
      "faces": {
        "north": {
          "uv": [
            0,
            8,
            6,
            8.5
          ],
          "texture": "#0"
        },
        "east": {
          "uv": [
            9,
            10,
            9.5,
            10.5
          ],
          "texture": "#0"
        },
        "south": {
          "uv": [
            6,
            8,
            12,
            8.5
          ],
          "texture": "#0"
        },
        "west": {
          "uv": [
            9.5,
            10,
            10,
            10.5
          ],
          "texture": "#0"
        },
        "up": {
          "uv": [
            6,
            9,
            0,
            8.5
          ],
          "texture": "#0"
        },
        "down": {
          "uv": [
            12,
            8.5,
            6,
            9
          ],
          "texture": "#0"
        }
      }
    },
    {
      "from": [
        2,
        16,
        6
      ],
      "to": [
        14,
        17,
        7
      ],
      "faces": {
        "north": {
          "uv": [
            0,
            9,
            6,
            9.5
          ],
          "texture": "#0"
        },
        "east": {
          "uv": [
            10,
            10,
            10.5,
            10.5
          ],
          "texture": "#0"
        },
        "south": {
          "uv": [
            6,
            9,
            12,
            9.5
          ],
          "texture": "#0"
        },
        "west": {
          "uv": [
            0,
            10.5,
            0.5,
            11
          ],
          "texture": "#0"
        },
        "up": {
          "uv": [
            6,
            10,
            0,
            9.5
          ],
          "texture": "#0"
        },
        "down": {
          "uv": [
            12,
            9.5,
            6,
            10
          ],
          "texture": "#0"
        }
      }
    },
    {
      "from": [
        2,
        16,
        9
      ],
      "to": [
        14,
        17,
        10
      ],
      "faces": {
        "north": {
          "uv": [
            0,
            10,
            6,
            10.5
          ],
          "texture": "#0"
        },
        "east": {
          "uv": [
            0.5,
            10.5,
            1,
            11
          ],
          "texture": "#0"
        },
        "south": {
          "uv": [
            10,
            0,
            16,
            0.5
          ],
          "texture": "#0"
        },
        "west": {
          "uv": [
            1,
            10.5,
            1.5,
            11
          ],
          "texture": "#0"
        },
        "up": {
          "uv": [
            16,
            1,
            10,
            0.5
          ],
          "texture": "#0"
        },
        "down": {
          "uv": [
            16,
            1,
            10,
            1.5
          ],
          "texture": "#0"
        }
      }
    },
    {
      "from": [
        2,
        16,
        12
      ],
      "to": [
        14,
        17,
        13
      ],
      "faces": {
        "north": {
          "uv": [
            10,
            1.5,
            16,
            2
          ],
          "texture": "#0"
        },
        "east": {
          "uv": [
            1.5,
            10.5,
            2,
            11
          ],
          "texture": "#0"
        },
        "south": {
          "uv": [
            10,
            2,
            16,
            2.5
          ],
          "texture": "#0"
        },
        "west": {
          "uv": [
            2,
            10.5,
            2.5,
            11
          ],
          "texture": "#0"
        },
        "up": {
          "uv": [
            16,
            3,
            10,
            2.5
          ],
          "texture": "#0"
        },
        "down": {
          "uv": [
            16,
            3,
            10,
            3.5
          ],
          "texture": "#0"
        }
      }
    },
    {
      "from": [
        14,
        16,
        0
      ],
      "to": [
        16,
        17,
        16
      ],
      "faces": {
        "north": {
          "uv": [
            7,
            10,
            8,
            10.5
          ],
          "texture": "#0"
        },
        "east": {
          "uv": [
            4,
            5,
            12,
            5.5
          ],
          "texture": "#0"
        },
        "south": {
          "uv": [
            10,
            7,
            11,
            7.5
          ],
          "texture": "#0"
        },
        "west": {
          "uv": [
            4,
            5.5,
            12,
            6
          ],
          "texture": "#0"
        },
        "up": {
          "uv": [
            3,
            8,
            2,
            0
          ],
          "texture": "#0"
        },
        "down": {
          "uv": [
            4,
            0,
            3,
            8
          ],
          "texture": "#0"
        }
      }
    },
    {
      "from": [
        2,
        16,
        14
      ],
      "to": [
        14,
        17,
        16
      ],
      "faces": {
        "north": {
          "uv": [
            4,
            7,
            10,
            7.5
          ],
          "texture": "#0"
        },
        "east": {
          "uv": [
            10,
            7.5,
            11,
            8
          ],
          "texture": "#0"
        },
        "south": {
          "uv": [
            4,
            7.5,
            10,
            8
          ],
          "texture": "#0"
        },
        "west": {
          "uv": [
            8,
            10,
            9,
            10.5
          ],
          "texture": "#0"
        },
        "up": {
          "uv": [
            10,
            3,
            4,
            2
          ],
          "texture": "#0"
        },
        "down": {
          "uv": [
            10,
            3,
            4,
            4
          ],
          "texture": "#0"
        }
      }
    }
  ]
}