{"stats":{"minecraft:picked_up":{"minecraft:sandstone":2,"changed:capsule":6,"minecraft:stone":1,"minecraft:orange_concrete":1,"minecraft:green_concrete":2,"changed:wrench":1,"minecraft:birch_sign":1},"minecraft:custom":{"minecraft:time_since_rest":276389,"minecraft:sprint_one_cm":97217,"minecraft:walk_one_cm":428822,"minecraft:drop":12,"minecraft:fly_one_cm":1473330,"minecraft:crouch_one_cm":4322,"minecraft:play_time":276389,"minecraft:sneak_time":5405,"minecraft:jump":1905,"minecraft:leave_game":79,"minecraft:walk_on_water_one_cm":1120,"minecraft:time_since_death":276389,"minecraft:total_world_time":551439},"minecraft:dropped":{"minecraft:stone":1,"minecraft:orange_concrete":1,"minecraft:green_concrete":2,"changed:capsule":1,"changed:wrench":1},"minecraft:used":{"minecraft:redstone_torch":2,"minecraft:lever":1,"minecraft:water_bucket":4,"minecraft:green_concrete":115,"minecraft:orange_concrete":9,"minecraft:red_wool":31,"minecraft:red_concrete":26,"minecraft:barrier":2,"minecraft:green_wool":31,"minecraft:sandstone":51,"minecraft:stone":12,"changed:bar":74,"minecraft:debug_stick":24,"minecraft:repeater":1,"minecraft:lime_concrete":9,"minecraft:light_blue_concrete":2,"minecraft:birch_sign":26,"minecraft:netherite_pickaxe":7,"minecraft:bucket":3,"minecraft:yellow_concrete":106,"minecraft:gold_block":45,"minecraft:white_concrete":486,"minecraft:blue_concrete":2,"changed:capsule":336},"minecraft:mined":{"changed:capsule":5,"minecraft:sandstone":2}},"DataVersion":3120}