{"stats":{"minecraft:mined":{"minecraft:fire":13,"minecraft:cake":1},"minecraft:killed_by":{"changed:tiger_shark":2},"minecraft:used":{"minecraft:redstone_torch":2,"changed:purodance":1,"minecraft:green_concrete":188,"minecraft:lever":9,"minecraft:iron_bars":34,"minecraft:orange_concrete":9,"minecraft:command_block":12,"minecraft:red_wool":31,"changed:the_library":1,"minecraft:red_concrete":26,"minecraft:barrier":2,"minecraft:dispenser":80,"minecraft:redstone":50,"minecraft:green_wool":31,"minecraft:sandstone":73,"changed:bar":438,"changed:drain":6,"minecraft:deepslate":9,"minecraft:player_head":1,"changed:save_station":1,"minecraft:debug_stick":53,"minecraft:birch_button":10,"minecraft:repeater":2,"minecraft:lime_concrete":9,"minecraft:comparator":2,"minecraft:light_blue_concrete":2,"minecraft:iron_trapdoor":2,"minecraft:netherite_sword":1,"minecraft:yellow_concrete":106,"minecraft:snowball":179,"minecraft:chain":2,"minecraft:gold_block":212,"minecraft:birch_sign":31,"minecraft:bucket":3,"minecraft:white_concrete":983,"changed:puro_spawn_egg":2,"minecraft:dripstone_block":13,"minecraft:blue_concrete":2,"changed:vent":3,"changed:caution_floor":5,"changed:tiger_shark_spawn_egg":4,"minecraft:cake":1,"minecraft:jukebox":1,"changed:white_goo_blob_spawn_egg":1,"minecraft:water_bucket":4},"minecraft:dropped":{"minecraft:gold_block":2,"changed:drain":1,"changed:caution_floor":1,"minecraft:white_concrete":3,"minecraft:orange_concrete":1,"minecraft:snowball":2,"minecraft:sandstone":1,"minecraft:green_concrete":2,"changed:vent":1,"changed:wrench":3},"minecraft:custom":{"minecraft:time_since_rest":129125,"minecraft:damage_taken":1590,"minecraft:sprint_one_cm":267517,"minecraft:walk_one_cm":934828,"minecraft:drop":22,"minecraft:play_record":2,"minecraft:fly_one_cm":2585509,"minecraft:crouch_one_cm":33495,"minecraft:play_time":519530,"minecraft:deaths":8,"minecraft:sneak_time":22238,"minecraft:jump":5177,"minecraft:eat_cake_slice":2,"minecraft:leave_game":123,"minecraft:walk_on_water_one_cm":1120,"minecraft:time_since_death":129121,"minecraft:total_world_time":1120325,"minecraft:fall_one_cm":1815,"minecraft:inspect_dispenser":24},"minecraft:picked_up":{"minecraft:debug_stick":1,"changed:bar":1,"minecraft:sandstone":2,"minecraft:gold_block":3,"minecraft:birch_button":2,"changed:drain":1,"minecraft:orange_concrete":1,"minecraft:command_block":1,"minecraft:green_concrete":3,"minecraft:netherite_sword":1,"changed:caution_floor":1,"minecraft:birch_sign":1,"changed:purodance":1,"changed:wrench":4,"minecraft:white_concrete":4,"changed:vent":1,"minecraft:snowball":3887,"changed:the_library":1}},"DataVersion":3120}